{
  "schema_version": 2,
  "dt": 0.1,
  "v_edges": [
    0.0,
    8.0,
    14.0,
    20.0,
    28.0,
    40.0,
    60.0
  ],
  "roll_edges": [
    0.0,
    0.3,
    0.8,
    10.0
  ],
  "coeff_order": {
    "y": [
      "a",
      "b0",
      "bv",
      "c",
      "d"
    ],
    "dy": [
      "A",
      "B0",
      "Bv",
      "C",
      "D"
    ]
  },
  "y_coeffs": [
    [
      [
        0.25459697697087574,
        0.42435782391076127,
        0.1249802878616667,
        0.5865263066454712,
        -0.005957145869239962
      ],
      [
        0.9815480759684365,
        0.043830367907725466,
        -0.0017402392738850414,
        0.028953984744970115,
        0.00028192472014963656
      ],
      [
        0.903517809652771,
        0.1578069731484979,
        0.006806274342879687,
        0.1161586183972546,
        0.009393633040948608
      ]
    ],
    [
      [
        0.7039722473633878,
        0.6980401544777712,
        -0.023240818577700925,
        0.3077073408390198,
        -0.002234180163787229
      ],
      [
        0.9401584843367429,
        0.0807564723209859,
        0.0010068000414093627,
        0.05939714390467741,
        0.0017186329093331302
      ],
      [
        0.9378933210165196,
        0.24510210544425726,
        -0.012114888345466326,
        0.09994235610630116,
        -0.019237402386744217
      ]
    ],
    [
      [
        0.3429485458070073,
        0.8150719516307785,
        0.0035039228978618587,
        0.6194306966964132,
        0.0015087088128623604
      ],
      [
        0.9447213676827099,
        0.091895762992765,
        -0.00035035322483915654,
        0.05706659553538418,
        -0.00032904845308118886
      ],
      [
        0.8762549033226487,
        0.16763750732102375,
        0.001345257688355382,
        0.12149325264087976,
        1.90428244844951e-05
      ]
    ],
    [
      [
        0.9558397726321045,
        0.04067342106229055,
        0.0010793096634404945,
        0.04317955830689995,
        -0.00043728968901409604
      ],
      [
        0.9395861054244657,
        0.08029960743390696,
        0.0008022375064910273,
        0.0607087567199739,
        -0.00017779464537595252
      ],
      [
        0.8875706109218837,
        0.09673785530799478,
        0.005471660792384003,
        0.09522221379831367,
        0.007172264150890175
      ]
    ],
    [
      [
        0.9370163988739628,
        0.045214082208971614,
        0.0017439970667576157,
        0.0585756810097903,
        -0.0005416235074534832
      ],
      [
        0.9500707681690039,
        0.046590406105998856,
        0.0015766114813277417,
        0.05077797054294258,
        -0.0002794435959177126
      ],
      [
        0.911658270591512,
        0.01740976255175941,
        0.006056506794684746,
        0.07678263237861666,
        -0.010065953893604167
      ]
    ],
    [
      [
        0.7292395057300143,
        0.36214150088978403,
        0.0024787788186081943,
        0.27491260711754334,
        -0.0019332200158223936
      ],
      [
        0.7292395057300143,
        0.36214150088978403,
        0.0024787788186081943,
        0.27491260711754334,
        -0.0019332200158223936
      ],
      [
        0.7292395057300143,
        0.36214150088978403,
        0.0024787788186081943,
        0.27491260711754334,
        -0.0019332200158223936
      ]
    ]
  ],
  "dy_coeffs": [
    [
      [
        0.016707014031275867,
        0.6093872590048124,
        -0.07528835268944313,
        0.32540139657331224,
        -0.01051083498963534
      ],
      [
        0.9149217343527074,
        -0.024303840374754148,
        -0.006065008220585544,
        -0.02588325014254554,
        0.00030753743138283324
      ],
      [
        0.8917525644318518,
        -0.037714095192995394,
        -0.004915523045251579,
        -0.02950638013931198,
        0.0015071952163879822
      ]
    ],
    [
      [
        0.0945855325258356,
        -0.394611259999371,
        0.022656701032815436,
        -0.11100224741320902,
        0.0051934924228887935
      ],
      [
        0.7794930768921672,
        -0.2688473765317584,
        0.016845184496414575,
        -0.03224154177451587,
        -0.002615269431404852
      ],
      [
        0.8116960946207794,
        -0.07686323939776535,
        0.0014108885541943875,
        0.1435136086212562,
        -0.09977304181939649
      ]
    ],
    [
      [
        0.01406837813306489,
        -0.007361348579423227,
        0.0015151280451922166,
        -0.014236386561874793,
        0.004986754485728736
      ],
      [
        0.6348719758862889,
        -0.03881225927785217,
        0.00015158130598973542,
        -0.007765579150035655,
        -0.006798997836528291
      ],
      [
        0.7198655078660708,
        -0.17069398947968945,
        0.00873849824933201,
        -0.015300452422543971,
        -0.003285232469615981
      ]
    ],
    [
      [
        0.49841670653090453,
        -0.11641063029354282,
        0.003273592907104299,
        -0.008893479064947585,
        -0.002359784935981396
      ],
      [
        0.5643828797076483,
        -0.044635262650353294,
        0.0005397216865834035,
        -0.010083928783675108,
        -0.003140170151854577
      ],
      [
        0.5177662431341645,
        -0.20155591940955306,
        0.011090299753491687,
        -0.05802880092089029,
        -0.004711058752417862
      ]
    ],
    [
      [
        0.27648354590893676,
        1.0333999907595544,
        -0.03444390242122716,
        -0.02146885404550864,
        -0.00016281820056424562
      ],
      [
        0.4963999482742652,
        0.056565067693391306,
        -0.002329354381721908,
        -0.000590598988722269,
        -0.0007181550477055695
      ],
      [
        0.5750833811866144,
        0.29501343037326583,
        -0.00971576680560938,
        -0.009366964558171788,
        -0.02384494693442292
      ]
    ],
    [
      [
        0.06537315026532528,
        0.03129770263647817,
        -0.0017900465196925006,
        -0.0029630090533782467,
        -0.0008415418561709866
      ],
      [
        0.06537315026532528,
        0.03129770263647817,
        -0.0017900465196925006,
        -0.0029630090533782467,
        -0.0008415418561709866
      ],
      [
        0.06537315026532528,
        0.03129770263647817,
        -0.0017900465196925006,
        -0.0029630090533782467,
        -0.0008415418561709866
      ]
    ]
  ],
  "counts": [
    [
      39300,
      17445,
      645
    ],
    [
      34601,
      17636,
      578
    ],
    [
      54910,
      29618,
      895
    ],
    [
      105633,
      48969,
      1409
    ],
    [
      183920,
      62705,
      1132
    ],
    [
      463,
      141,
      0
    ]
  ],
  "r2_y": [
    [
      0.9137120686947051,
      0.9960816948348737,
      0.9951520827548097
    ],
    [
      0.9593537322928795,
      0.9953123242080809,
      0.9985491922079575
    ],
    [
      0.8614100679818828,
      0.9963469991473071,
      0.9981803467195283
    ],
    [
      0.9883745329831224,
      0.9971111463394052,
      0.9979060639574732
    ],
    [
      0.9846061439277017,
      0.9975116772546401,
      0.9989825556206355
    ],
    [
      null,
      null,
      null
    ]
  ],
  "r2_dy": [
    [
      0.06909000912822272,
      0.829533709219358,
      0.7401255214156834
    ],
    [
      0.0898166464429806,
      0.6146179344812333,
      0.6952444787180578
    ],
    [
      0.008930141422315296,
      0.409173596510075,
      0.5074394722660838
    ],
    [
      0.24873785819651795,
      0.318876356957534,
      0.27339730954099073
    ],
    [
      0.0777164445236469,
      0.2458672102405447,
      0.34673506435758905
    ],
    [
      null,
      null,
      null
    ]
  ],
  "fallback": {
    "y": [
      0.7292395057300143,
      0.36214150088978403,
      0.0024787788186081943,
      0.27491260711754334,
      -0.0019332200158223936
    ],