{
  "feature_names": [
    "bias",
    "t0",
    "t1",
    "t2",
    "t3",
    "t5",
    "t8",
    "dt1",
    "dt2",
    "dt3",
    "dt5",
    "t123_mean",
    "roll0",
    "a0",
    "v0",
    "vs_t0",
    "vs_t1",
    "roll_vs",
    "abs_t0",
    "abs_dt1"
  ],
  "mu": [
    1.0,
    0.019216350549383067,
    0.019553146238719232,
    0.019509325670387854,
    0.019462192064353775,
    0.019340525122404025,
    0.01913935624039672,
    0.00033679568933621076,
    -4.382056833134297e-05,
    -4.713360603405087e-05,
    -0.00012166694194977948,
    0.019508221324487162,
    0.1302792017503447,
    0.0242581320109855,
    23.09750462525405,
    0.017855492175487524,
    0.017887136415247258,
    0.08942774944501816,
    0.24173736651416003,
    0.015690524169275733
  ],
  "std": [
    1.0,
    0.5431391768893551,
    0.4741240001578106,
    0.47369565261308416,
    0.47327075620723924,
    0.4725159544966244,
    0.47159124710312594,
    0.2639390063185864,
    0.03404203828936832,
    0.034082902809983585,
    0.0611789768556033,
    0.47298549273381224,
    0.25866899437217217,
    0.4563522147939185,
    9.49414953710364,
    0.38498315263856964,
    0.3835603835375132,
    0.21035782010858067,
    0.4867571049623383,
    0.2634724272842702
  ],
  "w": [
    0.0,
    0.04274890490369522,
    0.0504156963346721,
    0.050152658509151085,
    0.04996202048670785,
    0.04911384226515044,
    0.007208096977204076,
    0.0025940437994905288,
    -0.00429548994883252,
    -0.0032728076143888275,
    -0.007166000540303588,
    0.050252454105511775,
    -0.1905113184700793,
    -0.0023774044681600676,
    0.003846246385541648,
    0.025991814781760117,
    -0.05943875546491334,
    0.039371774676447334,
    0.006071778167364051,
    0.016417568258800308
  ],
  "train_mse": 0.014164614268820121,
  "train_mae": 0.09668882179980555,
  "n_samples": 200000,
  "n_files": 2000,
  "skipped": 0
}